,y [É m],0.6,1.2,1.8,2.4,3,3.6,4.2,4.8,5.4,6,6.6,7.2,7.8,8.4,9,9.6,10.2,10.8,11.4,12,12.6,13.2,13.8,14.4,15,15.6,16.2,16.8,17.4,18,18.6,19.2,19.8,20.4,21,21.6,22.2,22.8,23.4,24,24.6,25.2,25.8,26.4,27,27.6,28.2,28.8,29.4,30,30.6,31.2,31.8,32.4,33,33.6,34.2,34.8,35.4,36,36.6,37.2,37.8,38.4,39,39.6,40.2,40.8,41.4,42,42.6,43.2
time,,,,,,,,,,,,,,,,,,,,,,,,,,,,,,,,,,,,,,,,,,,,,,,,,,,,,,,,,,,,,,,,,,,,,,,,,
-40,,2553.852885,2496.002885,1689.252885,1339.952885,1134.902885,1065.952885,996.0528846,977.2528846,1077.302885,2316.952885,2575.052885,1938.002885,908.2028846,846.4528846,844.2528846,664.2028846,757.7028846,739.8528846,625.3528846,873.2028846,790.5528846,812.7528846,761.9528846,783.7528846,847.0028846,784.3028846,764.0028846,856.6028846,801.4528846,778.8528846,789.7528846,778.6528846,786.1528846,1244.552885,1462.452885,896.2028846,852.1528846,878.9528846,834.8028846,832.5528846,828.2528846,854.9528846,793.9528846,808.2028846,831.0028846,559.0528846,821.3528846,912.2028846,859.2028846,848.3028846,907.0528846,791.7528846,1263.002885,2351.352885,2575.052885,2057.002885,1189.002885,907.0028846,844.3528846,830.2028846,812.4528846,861.7028846,958.1528846,1022.452885,1104.402885,1165.702885,1252.302885,1799.102885,232.05,669.1,1128.55,1392.05
-32.8,,2560.7,2492.55,1739.45,1316.35,1141.4,1030.85,949.7,975.2,895.65,1868.5,2577.25,2207.9,931.05,849.55,837.65,582.55,665.2,720.45,671.1,849.8,816.1,733.25,724.3,730.25,800,723.65,765.7,788,760.15,762.6,787.65,812.65,845.4,1388.35,1478.15,784.25,799.8,795,876.7,830,821.95,835.75,882.05,844.7,765.25,559,922.15,891.7,832.35,828.25,800.5,965.85,2492.5,2577.25,2577.25,2576.8,2047.25,909.4,853.25,826.25,860.1,852.5,929.65,1012.8,1121.75,1182.05,1342.7,1908.25,287.9115385,853.0615385,971.6115385,1131.161538
-25.6,,2576.811538,2513.311538,1796.511538,1390.461538,1160.661538,1047.511538,998.0115385,933.6615385,938.3615385,1573.361538,2594.461538,2372.411538,978.6115385,813.2115385,841.2615385,551.6615385,748.3115385,777.6115385,718.1115385,869.3615385,795.5115385,766.4115385,841.8115385,734.9615385,800.2615385,792.3115385,750.8615385,765.1115385,817.3615385,831.0615385,802.4115385,867.0615385,883.7615385,1456.161538,1441.511538,793.2115385,867.1615385,824.6115385,861.5615385,825.8115385,836.6615385,921.8115385,822.9115385,823.4615385,777.4115385,662.2615385,930.9615385,968.1615385,885.4615385,871.3615385,838.0615385,905.6115385,2109.811538,2560.361538,2594.461538,2365.661538,1611.661538,917.6115385,850.6615385,828.9115385,818.8115385,877.5615385,947.3615385,1071.461538,1208.261538,1211.461538,1439.361538,2037.761538,279.5461538,794.6461538,1049.496154,1483.096154
-18.4,,2598.717582,2508.167582,1763.917582,1461.617582,1190.117582,1104.617582,1026.467582,946.3675824,1022.167582,2209.167582,2603.167582,1961.867582,857.6175824,826.8675824,828.3175824,534.5675824,755.5675824,762.4675824,794.9675824,815.5675824,825.7175824,767.3675824,756.7175824,780.8175824,754.2175824,768.0675824,743.2175824,803.1675824,820.6175824,727.1175824,805.2175824,848.8675824,914.6175824,1426.217582,1444.167582,828.6675824,792.9675824,771.6675824,869.8175824,857.9175824,833.5675824,842.9175824,853.7675824,957.1675824,749.0675824,592.8675824,926.8175824,908.4675824,875.0175824,861.7675824,898.8675824,1094.267582,2535.317582,2603.167582,2603.167582,2599.167582,1876.167582,967.4175824,896.4675824,850.5675824,886.1175824,976.6175824,1040.767582,1162.767582,1265.667582,1334.967582,1453.917582,2134.367582,277.8653846,459.3653846,822.4153846,1388.865385
-11.2,,2620.560256,2470.460256,1805.760256,1511.510256,1244.910256,1172.660256,1083.960256,975.8102564,1427.610256,2354.510256,2610.210256,1663.310256,875.2102564,883.6602564,833.9602564,600.0102564,723.9602564,680.3602564,741.7602564,796.3102564,940.6102564,857.6102564,828.6102564,833.5602564,766.3602564,746.9102564,803.2102564,876.5602564,857.1102564,737.1102564,808.8102564,869.3602564,868.4602564,1392.460256,1269.010256,809.2102564,837.7102564,901.6102564,796.2602564,869.6602564,814.3602564,919.3102564,923.4102564,827.1102564,776.0602564,636.7602564,921.4102564,936.7102564,919.9102564,883.4102564,877.0102564,924.1102564,1185.660256,2507.460256,2602.010256,1408.660256,891.4102564,902.1602564,877.4102564,881.3602564,874.2602564,983.4602564,1053.960256,1135.960256,1323.160256,1274.360256,1491.860256,2070.560256,98.63461538,341.3846154,751.6346154,1286.084615
-4,,2620.238462,2478.238462,1786.088462,1413.588462,1229.938462,1075.838462,1042.788462,1076.988462,1733.888462,2469.488462,2598.688462,1479.738462,879.5884615,848.3384615,779.5884615,554.8884615,800.2384615,679.3884615,677.5884615,818.7384615,873.9884615,787.3884615,761.4384615,783.2884615,780.8884615,858.6884615,785.6384615,800.5384615,796.7384615,787.9884615,785.9884615,830.5384615,845.8884615,1308.838462,1184.388462,814.4384615,742.1384615,826.4384615,864.4384615,828.6384615,841.5884615,859.3384615,851.4384615,811.9884615,671.1884615,603.9384615,925.0384615,901.7884615,845.8384615,873.8884615,892.6384615,803.2884615,991.8384615,2444.238462,2537.538462,1341.038462,835.6384615,872.8884615,862.9384615,875.8384615,818.6384615,916.5384615,1064.388462,1053.088462,1172.088462,1261.588462,1419.988462,2111.988462,268.7269231,495.3269231,911.5769231,1338.376923
3.2,,2574.478205,2412.928205,1750.928205,1391.028205,1186.378205,1047.128205,953.5782051,937.4282051,900.2282051,1450.778205,2559.878205,2361.178205,1028.228205,768.9782051,755.6782051,531.0282051,716.9282051,661.6782051,690.2782051,769.0282051,740.3282051,716.0282051,767.5282051,699.0282051,677.2282051,697.8282051,652.0782051,736.6282051,703.8282051,708.7782051,762.8782051,737.5782051,841.9782051,1251.678205,1110.828205,733.2782051,795.0282051,775.3782051,720.3782051,778.6282051,741.3282051,760.6282051,753.8782051,826.3782051,647.9782051,551.2282051,864.6782051,827.4282051,787.2782051,760.2782051,761.3782051,785.6782051,908.1282051,2343.428205,2529.778205,1311.478205,900.4782051,811.8282051,824.0782051,795.3782051,813.6782051,832.5282051,972.5282051,1101.678205,1123.978205,1208.978205,1399.178205,2021.078205,188.5807692,296.3307692,584.3307692,1050.880769
10.4,,2529.914103,2399.864103,1562.864103,1211.014103,1075.414103,979.4141026,912.4641026,909.9641026,889.5641026,1106.114103,2495.764103,2532.114103,1297.564103,854.2141026,778.2141026,504.5141026,700.4641026,629.6141026,643.6641026,776.0641026,706.0641026,695.7641026,673.9641026,673.0141026,658.3141026,718.9141026,723.4641026,704.2641026,770.9141026,738.3141026,748.6641026,757.6141026,764.3641026,1096.214103,1017.764103,704.0141026,791.7641026,787.6141026,720.7141026,724.8641026,712.5641026,790.5641026,823.3641026,780.4641026,693.7641026,561.4141026,861.6141026,788.1141026,856.9141026,747.1641026,806.1141026,838.2641026,2245.114103,2545.264103,2546.564103,2301.214103,1347.514103,702.7141026,714.3141026,746.6641026,728.9641026,801.8641026,844.2641026,1003.864103,1033.064103,1080.864103,1315.464103,1933.414103,259.8423077,553.4923077,864.0423077,1305.942308
17.6,,2543.003846,2379.303846,1592.303846,1265.403846,1147.503846,969.5538462,911.5038462,915.5538462,1045.603846,2275.853846,2555.053846,1603.753846,754.7538462,722.0538462,721.6038462,510.2538462,721.0038462,565.6038462,589.1038462,694.7538462,701.6538462,674.7538462,653.5038462,649.2538462,669.2538462,649.9038462,641.4038462,685.6038462,751.4038462,665.3038462,699.0038462,758.3038462,779.5038462,1173.453846,1027.503846,691.7538462,722.4038462,735.5038462,685.2538462,712.8538462,714.1538462,736.5038462,707.1038462,740.7538462,694.3038462,519.8038462,823.5538462,809.2538462,799.6038462,707.0038462,682.9038462,993.2538462,2538.953846,2553.003846,2553.903846,2546.453846,1396.103846,764.2038462,771.7038462,699.7038462,716.9038462,772.1038462,877.6538462,998.8038462,1050.203846,1122.003846,1386.553846,2022.453846,621.2307692,1134.480769,1237.730769,1272.830769
24.8,,2557.025641,2382.175641,1609.525641,1226.425641,1017.225641,1013.325641,882.175641,1559.975641,2447.725641,2560.275641,2248.525641,907.375641,738.675641,727.475641,730.675641,439.075641,708.725641,666.675641,644.575641,695.825641,714.175641,635.975641,717.225641,617.425641,576.975641,623.075641,650.875641,635.325641,637.575641,666.275641,698.875641,718.075641,755.925641,1091.575641,960.825641,666.525641,730.875641,691.325641,727.925641,723.775641,658.325641,741.425641,685.575641,761.125641,664.175641,557.275641,784.225641,752.525641,749.925641,733.575641,725.325641,727.575641,1771.375641,2541.525641,2511.125641,1989.025641,943.475641,730.725641,682.925641,694.275641,670.325641,759.175641,858.225641,947.075641,1007.025641,1028.675641,1261.325641,1960.325641,559.8538462,953.3538462,1202.453846,1503.853846
32,,2515.160256,2362.410256,1489.610256,1169.660256,1003.660256,857.9602564,846.6602564,1108.210256,1670.560256,2243.510256,2420.360256,1393.960256,681.8102564,720.2602564,647.8602564,425.1102564,615.8602564,537.9602564,586.4102564,610.4602564,625.0602564,622.4602564,593.2102564,622.7102564,533.6602564,595.0102564,584.5102564,519.7602564,590.2602564,602.9602564,642.1602564,632.4102564,619.1102564,990.1602564,798.3102564,607.5602564,606.0602564,698.9602564,689.6602564,659.4102564,625.1602564,629.3602564,653.9102564,606.7602564,552.3602564,458.7102564,757.0602564,647.9102564,584.2102564,688.8602564,599.6602564,692.3602564,1590.260256,2417.460256,2470.810256,1617.260256,911.3102564,664.2602564,633.5602564,629.9102564,657.9102564,668.6102564,717.2102564,870.9602564,904.6602564,989.0102564,1203.910256,1838.310256,760.3653846,1118.015385,1223.165385,1305.865385
39.2,,2506.926923,2267.376923,1396.426923,1091.676923,905.9769231,768.0769231,766.3269231,817.1269231,710.9769231,1549.376923,2528.176923,2112.976923,731.7269231,610.7269231,654.8269231,527.8269231,613.3269231,442.5269231,560.4269231,624.0269231,607.1269231,520.4769231,546.2769231,494.2269231,518.7269231,556.1769231,586.7769231,586.1269231,612.5769231,631.6269231,669.9769231,580.2769231,635.4769231,939.4769231,764.2269231,472.1769231,562.3769231,631.5269231,576.7769231,561.9769231,617.0769231,639.7269231,561.9769231,635.0769231,529.6769231,438.0269231,690.4269231,647.6269231,607.4769231,624.2769231,576.9769231,654.1269231,710.2769231,2197.526923,2378.726923,796.2269231,667.2269231,617.5269231,579.0269231,539.4769231,520.7269231,651.7269231,717.0269231,837.6769231,879.6769231,949.3269231,1102.476923,1789.676923,740.9576923,950.6076923,1262.157692,1706.207692
46.4,,2524.429487,2244.029487,1289.629487,1063.779487,862.9794872,792.6294872,736.9794872,770.1294872,955.8294872,2198.629487,2530.829487,1434.679487,626.5794872,559.4294872,582.7794872,482.0794872,667.2794872,457.2294872,464.7294872,561.3794872,571.5294872,490.8294872,534.5294872,511.7794872,460.4294872,461.1794872,521.1794872,546.9794872,495.3794872,520.3294872,570.0294872,506.0294872,548.2794872,819.8794872,716.0794872,551.1794872,546.4294872,596.4794872,534.9294872,542.8294872,540.5794872,542.3794872,531.5794872,520.0794872,504.2794872,450.3794872,663.1794872,621.1794872,583.0294872,509.9794872,594.9294872,558.8794872,1667.029487,2482.379487,2445.879487,1709.579487,737.2794872,512.1794872,522.7794872,506.7294872,483.4294872,572.1294872,635.5794872,757.4294872,784.1294872,850.6794872,1042.929487,1688.179487,805.3346154,1046.034615,1345.834615,1719.384615
53.6,,2573.525641,2251.375641,1341.725641,1110.975641,925.925641,848.875641,731.275641,779.925641,825.325641,1661.375641,2586.825641,2082.425641,650.425641,605.525641,650.325641,613.775641,668.425641,450.125641,471.425641,595.775641,546.825641,552.475641,473.375641,493.625641,514.175641,521.225641,490.975641,571.675641,521.375641,541.675641,549.475641,561.775641,628.175641,829.725641,736.925641,595.075641,586.625641,584.725641,568.375641,605.325641,579.275641,616.125641,528.525641,560.975641,517.175641,474.225641,686.775641,597.025641,494.025641,560.525641,537.675641,699.825641,1911.225641,2375.775641,2453.425641,2193.725641,845.225641,542.525641,584.175641,501.175641,619.875641,580.025641,711.325641,815.625641,851.225641,854.725641,1087.225641,1766.175641,783.1538462,959.4538462,1341.903846,1738.353846
60.8,,2670.896154,2251.596154,1337.746154,1076.446154,878.4461538,751.3961538,723.9461538,671.6461538,808.7461538,2301.646154,2679.096154,1518.746154,625.5461538,628.8461538,600.7961538,648.6461538,653.2961538,482.7961538,474.3961538,622.4461538,545.5961538,501.0961538,487.1961538,408.4961538,475.4461538,439.9961538,466.7461538,515.1961538,555.5961538,515.1461538,588.1461538,532.7961538,551.9461538,757.3461538,625.2961538,538.6461538,574.8961538,597.2961538,549.9461538,515.7961538,550.3961538,536.7461538,575.7461538,546.9461538,474.8461538,476.6961538,611.8461538,628.6461538,563.1461538,521.0961538,572.1961538,634.4961538,2212.396154,2490.896154,2580.396154,2530.596154,1121.846154,597.4461538,503.1461538,486.1461538,482.5961538,537.9461538,609.2461538,731.2461538,819.9461538,861.9461538,1055.896154,1618.446154,1264.85,1589.5,2113.45,2591.95
68,,2688.185897,2223.585897,1264.285897,832.7858974,766.1858974,666.4858974,643.8858974,1091.485897,1846.535897,2693.035897,2412.785897,903.3858974,566.4858974,555.2358974,625.2858974,679.8858974,645.1858974,391.3858974,466.9358974,490.0358974,554.7358974,478.4358974,466.8858974,496.6858974,510.4858974,470.5858974,415.9858974,453.9358974,464.4858974,437.9358974,494.5358974,533.2358974,553.5858974,677.4858974,577.5358974,511.9358974,444.7358974,561.8358974,511.3858974,454.3358974,549.0858974,477.7858974,511.7358974,481.0358974,505.2358974,464.6858974,611.2858974,539.4858974,536.3358974,572.0358974,485.8858974,599.9858974,2384.535897,2539.585897,2520.885897,2478.185897,1069.635897,502.2358974,452.1858974,475.9858974,445.8858974,494.9858974,575.3358974,643.9858974,720.1858974,717.7858974,901.8858974,1550.685897,1251.392308,1497.742308,1917.142308,2305.642308
75.2,,2696.905128,2232.705128,1148.355128,867.9551282,721.4551282,645.6051282,623.5051282,930.8551282,1657.355128,2446.805128,2479.405128,1067.505128,513.3551282,488.3051282,556.9551282,626.1051282,651.8551282,401.9051282,366.2051282,466.9551282,457.4551282,432.5051282,379.8051282,380.1051282,404.5051282,389.7551282,400.8551282,412.5551282,469.4551282,434.7551282,454.8051282,487.0551282,522.7051282,687.1551282,562.3051282,455.3551282,515.1551282,514.2551282,447.8551282,382.0051282,397.0051282,435.8551282,409.9551282,511.7051282,443.9051282,321.8051282,580.1551282,498.2051282,457.0551282,462.1551282,413.8551282,584.4551282,2058.955128,2466.755128,2428.305128,2248.955128,802.7551282,434.6051282,433.4551282,437.4051282,400.3551282,416.0051282,523.8051282,625.0551282,719.4551282,764.8551282,929.0551282,1510.705128,1318.907692,1745.757692,1953.157692,2267.407692
82.4,,2745.274359,2125.274359,1104.324359,785.674359,676.374359,567.924359,537.174359,521.474359,543.224359,797.624359,2576.524359,2583.824359,1280.224359,504.874359,574.574359,618.824359,566.824359,285.824359,368.024359,432.274359,401.974359,422.324359,381.674359,328.774359,369.724359,358.924359,398.574359,441.974359,407.624359,407.924359,428.074359,477.074359,442.874359,570.974359,553.524359,348.224359,391.974359,432.074359,394.524359,399.824359,399.224359,369.524359,475.724359,402.124359,465.174359,352.524359,495.274359,464.524359,429.824359,438.724359,400.974359,512.074359,1433.774359,2303.124359,2408.874359,1831.624359,706.124359,392.074359,421.824359,354.974359,331.524359,382.324359,459.224359,543.124359,655.974359,645.874359,879.674359,1388.524359,1464.238462,1742.188462,2127.238462,2526.988462
89.6,,2791.8,2070.65,1027.85,756.55,649,506.15,553.8,530.6,476.95,569.75,2273.7,2818.8,2002.35,706.25,564.05,667.3,525.95,306.15,393.55,392.75,380.05,390.8,416.95,350.95,290.65,340.35,419.25,324.3,346.65,383.65,374.55,374.95,411.75,584.7,477.65,360.5,378.95,388.4,407.85,385.7,392.5,418.3,383.45,415.6,345.5,355.05,510.8,394.3,424.15,425.45,382.75,399.5,1582.7,2302.05,2273.35,1656.65,557.25,401.15,398.75,384.55,325.35,372.4,435.75,534.7,628.85,663.8,797.8,1387.45,1188.396154,1444.246154,1864.096154,2113.196154
96.8,,2816.991026,2094.641026,983.3410256,785.5910256,656.5910256,626.6910256,585.4410256,565.8410256,523.4410256,1225.591026,2700.691026,2253.791026,923.6410256,451.3910256,561.4910256,660.3410256,522.1910256,320.1410256,398.1410256,468.4910256,361.5910256,398.0410256,426.9410256,400.1410256,378.1910256,381.4910256,454.1410256,407.4410256,487.1910256,389.2910256,410.4410256,447.8410256,450.7910256,616.6910256,563.2910256,408.3910256,470.6910256,424.6910256,416.2910256,432.2910256,383.8910256,456.6910256,500.7410256,463.4910256,415.5410256,444.1410256,549.2910256,453.4910256,447.2910256,441.0410256,416.3410256,569.8910256,1839.741026,2284.141026,2245.241026,2071.491026,725.9410256,413.4910256,438.4910256,416.9910256,442.6410256,413.5910256,455.0910256,586.5410256,666.7410256,710.8410256,836.9910256,1399.991026,1739.838462,2126.538462,2429.238462,2654.638462
104,,2872.529487,2064.179487,980.2794872,738.5294872,590.4294872,503.0294872,504.9794872,455.6794872,503.2794872,2292.879487,2898.179487,1312.479487,432.0794872,376.9294872,575.7794872,637.1294872,471.5294872,296.1794872,332.8294872,332.4794872,357.8294872,378.8794872,305.3794872,316.4794872,257.8294872,317.2294872,409.6794872,333.7794872,322.7794872,339.4794872,380.6794872,348.0794872,385.7794872,566.8794872,455.6294872,344.0794872,363.0294872,378.0794872,402.2794872,400.5794872,395.5794872,347.7294872,346.9794872,395.3794872,417.6294872,378.0794872,433.2294872,426.8794872,404.1794872,385.9294872,391.9294872,513.9294872,1733.179487,2059.329487,2072.479487,1686.579487,663.4294872,411.5794872,354.4294872,385.2794872,364.3794872,377.4794872,441.9294872,602.7794872,608.2294872,658.0794872,839.9794872,1337.479487,1636.453846,1994.053846,2156.003846,2429.303846
111.2,,2816.808974,2064.358974,972.0589744,680.6589744,558.9089744,485.6589744,522.9589744,508.7089744,473.3589744,1369.208974,2715.558974,2093.608974,943.3089744,461.1589744,535.6589744,741.7089744,537.2589744,280.9089744,323.9089744,445.1089744,381.5589744,338.1589744,351.9089744,294.4589744,382.7089744,362.4589744,352.4089744,369.9089744,367.9589744,444.7589744,416.7589744,394.1089744,468.0589744,540.7089744,451.9589744,388.4589744,405.4089744,447.6589744,398.2089744,420.0089744,362.3089744,426.3089744,457.9589744,395.4589744,491.4089744,424.2089744,493.7589744,451.5089744,429.9589744,339.8589744,429.7589744,438.6089744,1076.808974,2140.058974,1891.058974,938.6089744,489.7589744,384.8589744,318.4589744,413.1089744,392.9589744,429.4089744,444.4589744,545.9089744,596.7589744,650.5589744,776.3089744,1349.108974,1450.407692,1833.407692,2059.307692,2258.257692
118.4,,2778.574359,2033.674359,892.874359,670.274359,533.474359,493.524359,564.424359,532.924359,925.474359,1709.974359,2678.224359,2859.924359,1288.974359,502.924359,521.974359,697.524359,574.824359,316.524359,357.674359,385.674359,367.274359,333.224359,327.774359,304.574359,317.124359,315.424359,369.924359,366.474359,362.424359,364.024359,372.624359,377.274359,382.724359,576.574359,420.074359,396.724359,406.224359,453.974359,418.624359,365.874359,374.174359,386.424359,356.424359,406.074359,426.674359,422.624359,451.174359,455.524359,409.824359,374.024359,379.424359,508.874359,1811.774359,1990.124359,1999.624359,1727.024359,634.124359,371.424359,356.224359,347.474359,334.774359,421.874359,432.674359,497.274359,558.774359,629.524359,778.224359,1317.324359,1846.3,2238.75,2470.65,2612.85
125.6,,2776.079487,1972.929487,904.1794872,632.7294872,502.3294872,519.6294872,614.8794872,664.2294872,563.9294872,1015.129487,2839.029487,2846.379487,941.1794872,378.0294872,506.1794872,745.5294872,517.5794872,286.8294872,338.0294872,430.5294872,366.4794872,305.5794872,343.7794872,327.2794872,281.2294872,338.2294872,374.8794872,395.5294872,358.1794872,397.4794872,408.1294872,336.3794872,433.3294872,550.8794872,437.8794872,367.9294872,381.1294872,354.1794872,361.9294872,346.1794872,341.1794872,380.3294872,395.5794872,422.9794872,365.7794872,403.3294872,480.1794872,391.1794872,393.6794872,386.5294872,378.3794872,464.5794872,1748.179487,1982.879487,1987.279487,2025.379487,720.9794872,308.6794872,348.1794872,347.7294872,321.9794872,351.0294872,432.9294872,532.0294872,599.8294872,620.3794872,735.4294872,1288.529487,1972.673077,2228.573077,2691.873077,2814.323077
132.8,,2865.465385,1881.365385,874.8153846,623.0653846,446.5653846,839.5653846,1537.365385,1693.715385,1085.865385,739.8653846,2793.665385,2880.165385,901.3153846,381.6653846,500.5153846,743.1153846,480.7653846,298.4153846,281.2153846,349.3153846,274.9153846,287.2153846,292.5653846,239.0653846,285.8153846,298.8153846,352.7653846,295.6153846,353.4653846,291.0153846,282.7653846,337.6153846,350.1153846,421.6653846,345.5153846,310.9653846,342.1153846,344.4153846,313.6153846,283.7153846,319.9653846,330.5653846,352.0653846,347.6153846,355.9653846,389.1153846,478.3153846,413.2653846,335.3153846,338.2153846,309.8153846,472.9653846,1827.065385,1913.815385,1947.165385,1823.365385,647.5153846,315.2153846,295.0153846,318.3153846,294.9653846,320.0653846,369.4153846,470.2653846,524.6653846,501.1653846,683.2653846,1191.415385,1303.542308,1642.892308,2057.442308,2278.992308
140,,2850.997436,1754.047436,818.5974359,563.9474359,568.2974359,854.3974359,1310.497436,1188.797436,364.8474359,495.5474359,2502.347436,2945.297436,1522.347436,405.0974359,468.8474359,697.7974359,526.0474359,149.4474359,265.0974359,299.0474359,223.6474359,198.3974359,224.8474359,201.9474359,208.9974359,265.6474359,236.2974359,245.5974359,325.2974359,286.7974359,303.8474359,307.7474359,362.5974359,389.2474359,374.8474359,310.9974359,327.9974359,313.1974359,306.6474359,199.4974359,344.9474359,289.4474359,270.3974359,285.0474359,293.9974359,325.0974359,417.6974359,349.1474359,276.4474359,266.5974359,320.0474359,423.5474359,1458.997436,1824.447436,1848.397436,1761.247436,581.8474359,221.4974359,249.0474359,251.6474359,242.4474359,257.8974359,364.4474359,414.9974359,540.8974359,502.6974359,657.9974359,1066.147436,1743.319231,2210.619231,2419.269231,2525.419231
147.2,,2851.124359,1765.624359,779.024359,537.424359,524.824359,1066.124359,1328.924359,1059.974359,825.824359,518.174359,2336.724359,2972.074359,1871.074359,595.224359,461.924359,704.424359,466.124359,164.774359,229.674359,271.874359,266.774359,226.974359,212.474359,263.724359,282.424359,255.774359,314.224359,249.074359,203.974359,313.324359,316.024359,290.424359,305.174359,434.024359,328.974359,267.974359,285.274359,280.724359,331.474359,256.024359,267.724359,352.074359,279.024359,290.474359,297.374359,265.474359,364.374359,360.424359,273.174359,322.524359,301.724359,374.524359,1107.874359,1786.324359,1695.374359,1193.974359,455.124359,291.824359,297.374359,226.774359,270.574359,262.824359,341.624359,408.774359,453.374359,514.774359,614.124359,1048.124359,1705.784615,1927.834615,2210.934615,2392.134615
154.4,,2795.910256,1768.710256,746.3602564,546.4102564,440.8602564,374.6602564,336.1602564,591.2102564,1698.960256,1709.510256,2773.410256,2965.560256,914.4102564,336.3102564,440.6102564,694.5102564,484.2602564,198.8602564,188.5602564,307.1102564,219.1602564,189.5602564,234.4602564,208.3102564,181.8102564,255.0102564,256.8602564,232.5602564,231.4102564,269.9102564,220.1102564,273.0602564,289.3102564,365.3602564,340.9602564,250.0602564,294.5102564,304.4602564,279.1602564,267.1102564,307.9602564,315.2602564,267.2102564,327.2602564,310.6602564,253.6102564,374.5602564,357.1102564,297.6602564,303.7602564,247.5102564,393.4602564,1167.110256,1673.560256,1705.310256,1290.810256,396.7102564,258.5602564,252.4102564,222.4102564,208.0102564,238.7102564,301.2602564,379.3602564,436.9602564,510.7102564,620.8102564,1050.660256,1372.576923,1682.976923,2004.876923,2043.276923
161.6,,2796.752564,1688.252564,674.6025641,451.4525641,365.7525641,383.0525641,288.1525641,287.1025641,370.7025641,885.8525641,2646.802564,2955.752564,1077.902564,237.3525641,405.6025641,663.8025641,414.5525641,115.6525641,149.8025641,169.9525641,158.1525641,144.5025641,168.2525641,162.1525641,158.6525641,174.9025641,211.4525641,190.0025641,185.5025641,233.2025641,194.6025641,225.9525641,225.1025641,308.1025641,272.7525641,183.1025641,195.5525641,258.1525641,223.4525641,220.2025641,218.7525641,209.9525641,214.4525641,208.2525641,266.4025641,220.5025641,288.2025641,272.4525641,217.1525641,267.7025641,225.2525641,303.1525641,1312.802564,1593.952564,1649.302564,1546.102564,487.6525641,211.7025641,208.5525641,150.7025641,183.4525641,218.3525641,306.6025641,344.9525641,445.4525641,451.6025641,524.2525641,915.9025641,1876.192308,2186.942308,2323.742308,2383.192308
168.8,,2795.064103,1696.314103,661.2141026,461.3141026,410.3641026,361.7141026,312.3141026,310.3641026,288.6141026,438.1641026,2793.564103,2979.564103,775.3141026,247.3641026,418.6141026,766.4141026,486.8141026,187.0641026,198.2641026,279.6641026,204.6641026,184.2141026,188.7141026,137.2641026,237.5141026,227.9641026,269.2641026,235.2641026,224.9641026,243.7641026,220.6141026,288.8141026,297.2141026,346.5141026,257.6641026,249.7141026,244.0141026,295.7141026,224.6141026,207.2641026,244.3141026,255.2141026,284.3141026,234.1641026,287.0141026,225.9141026,337.1141026,278.9141026,301.0141026,212.7641026,277.8141026,356.3641026,1392.564103,1660.464103,1714.914103,1624.764103,532.8141026,252.4641026,251.9141026,252.2641026,235.6141026,256.2141026,266.5141026,352.7641026,404.6641026,442.6141026,594.5641026,993.1141026,1845.396154,2199.196154,2198.296154,2219.946154
176,,2732.785897,1709.335897,702.5858974,515.1858974,398.7858974,350.8358974,388.7858974,341.3858974,330.6358974,455.1358974,2154.685897,3032.935897,2106.735897,645.0358974,508.3358974,765.5358974,471.6358974,240.9358974,260.2358974,321.2858974,233.1358974,234.1358974,205.1858974,217.0358974,273.3858974,274.5858974,250.9358974,251.6858974,253.8858974,310.8358974,307.5858974,305.3858974,314.6358974,347.2858974,364.1858974,288.9858974,234.9358974,375.8358974,357.9358974,297.3858974,296.3358974,370.2858974,280.5358974,328.8858974,322.7858974,339.4858974,366.4858974,359.7358974,280.2858974,268.1858974,309.1358974,347.0358974,1332.085897,1620.535897,1639.285897,1484.435897,479.6358974,263.7858974,223.4858974,260.1858974,235.8358974,314.3358974,289.5358974,408.5858974,393.4858974,470.4358974,589.4358974,1076.235897,1898.253846,2072.003846,2354.303846,2409.903846
183.2,,2812.920513,1463.520513,561.2705128,367.8705128,295.9705128,265.6205128,208.4205128,195.1205128,212.6205128,302.6205128,2308.770513,3060.620513,1566.470513,318.5205128,376.0705128,729.2705128,383.0205128,120.9205128,137.6705128,177.8705128,112.0205128,71.12051282,91.72051282,110.9705128,89.42051282,132.5205128,221.6705128,159.9205128,100.1205128,146.9205128,157.0705128,161.5205128,216.6205128,294.7205128,198.6705128,160.6705128,166.0205128,175.6205128,171.2205128,184.0705128,140.5205128,176.5705128,121.1205128,147.5205128,144.0705128,190.4205128,256.8705128,175.1205128,185.5705128,183.1205128,142.7205128,325.4705128,1386.420513,1440.720513,1512.220513,1480.670513,470.5205128,139.2205128,123.0205128,148.2705128,136.4705128,178.1205128,228.9205128,278.1205128,319.2705128,386.3705128,488.1205128,875.0205128,1672.334615,1924.134615,2282.534615,2412.634615
190.4,,2708.1,1661.85,642.15,418,384.7,330,325.35,333.65,301.85,457.05,2684.05,2992.05,1013.95,294.35,446.65,792.7,451.2,229.45,233.25,280.5,208.5,241.85,194.6,219.05,224.45,233.1,292.5,235.85,217.4,298.65,351.8,321.85,326.65,373.25,256,242.5,270.05,310.55,264.1,256.45,247.15,273.85,249.9,257.65,256.4,307.7,341.55,319.4,292.1,229.1,243.25,314.75,1203.65,1515.25,1602.45,1488.2,495.55,260.05,216.1,205.25,217.3,215.7,279.35,327.1,416.15,486,614.35,992.35,1588.234615,1858.434615,2244.134615,2270.384615
197.6,,2746.958974,1536.108974,574.8589744,414.0589744,303.8589744,245.3589744,259.4089744,239.5589744,225.5589744,350.1589744,2266.608974,3107.308974,1687.658974,576.9589744,453.8089744,771.5089744,428.4589744,108.5589744,160.5589744,161.5589744,132.6089744,154.3089744,119.6089744,152.6589744,77.70897436,117.7589744,167.5089744,154.1089744,155.2589744,125.2589744,166.0089744,156.7589744,219.9089744,331.1089744,192.3589744,194.6589744,156.4589744,203.3089744,227.2089744,166.8589744,183.1589744,184.6089744,176.6089744,217.6589744,229.0589744,211.7089744,228.2589744,180.7589744,159.9089744,165.9589744,217.3589744,304.6589744,1080.708974,1388.258974,1391.558974,1249.958974,359.1589744,145.4589744,83.40897436,158.1089744,136.6089744,211.2089744,244.5089744,300.8589744,317.8589744,382.0089744,529.8089744,831.7089744,1672.192308,2027.192308,2345.892308,2378.992308
204.8,,2711.496154,1402.496154,588.2961538,391.0961538,252.3461538,240.6461538,283.4461538,260.9961538,222.3961538,307.1961538,1770.496154,3079.246154,2428.596154,1198.446154,601.7961538,759.1961538,411.5461538,67.04615385,151.2961538,180.3461538,145.0461538,101.0961538,134.7461538,130.8461538,146.5461538,137.8461538,148.4461538,122.9961538,154.0961538,131.6461538,196.0461538,171.3461538,218.2461538,297.9461538,258.5961538,179.8961538,203.2461538,207.0961538,192.3461538,195.3961538,204.1461538,183.5461538,182.7961538,181.5461538,177.9961538,238.0961538,231.4961538,249.8961538,204.4461538,170.0961538,182.7961538,169.7961538,240.0461538,1236.896154,1151.346154,225.8961538,178.2961538,136.5961538,162.9961538,174.0461538,138.6961538,198.6961538,254.4461538,281.7961538,325.8461538,324.0961538,462.4461538,846.3961538,1839.830769,2091.580769,2512.130769,2567.230769
212,,2632.153846,1466.553846,528.6038462,355.9038462,304.5038462,305.3538462,294.8538462,246.5538462,299.4038462,405.7038462,2776.353846,3039.603846,835.2538462,235.4038462,482.4038462,848.2538462,436.3538462,174.7038462,189.4038462,257.1538462,175.9038462,184.7038462,163.3538462,128.0038462,168.9038462,170.3038462,203.0538462,190.8538462,251.3038462,232.9038462,277.2538462,212.7538462,218.9038462,312.4538462,220.6538462,226.0038462,224.2538462,233.2038462,194.9038462,227.5038462,192.7538462,220.5538462,233.3038462,213.5538462,224.5538462,282.3538462,326.3038462,262.4538462,213.1038462,205.0538462,192.1038462,365.0538462,1108.953846,1399.553846,1348.303846,1099.553846,334.4038462,139.6038462,150.7038462,158.2038462,188.8538462,217.8038462,197.7538462,296.8038462,340.7038462,364.5038462,492.8538462,917.6538462,1871.7,2106,2189.8,2227.1
219.2,,2675.014103,1272.064103,498.6141026,326.4641026,224.4641026,174.1641026,155.1141026,133.7641026,160.8641026,831.9141026,2696.564103,2347.264103,1075.414103,148.4141026,364.2141026,720.3141026,340.2141026,53.96410256,100.8641026,104.9141026,88.51410256,86.26410256,52.96410256,118.7141026,96.11410256,52.11410256,82.81410256,84.81410256,87.36410256,116.7641026,119.4141026,139.5641026,158.3141026,203.6141026,137.6141026,66.01410256,118.7141026,94.81410256,135.8141026,123.3641026,141.3641026,107.4141026,137.7141026,102.7141026,124.2141026,91.96410256,215.6141026,196.4141026,121.0141026,99.56410256,103.6641026,160.2641026,464.1641026,1111.314103,1147.064103,529.6641026,507.8641026,509.8641026,248.1141026,137.0141026,42.61410256,126.4141026,149.1141026,228.3641026,293.2141026,299.5641026,408.1641026,729.8641026,2327.084615,2503.034615,2586.734615,2605.684615
226.4,,2611.448718,1380.898718,512.5987179,301.7487179,250.6987179,223.3487179,217.9487179,188.9487179,229.9487179,1804.498718,3124.548718,1321.248718,175.5487179,128.6487179,436.6487179,791.0487179,447.0987179,101.6987179,139.3487179,163.8987179,113.9487179,107.4487179,139.9487179,144.1487179,147.4987179,116.9487179,150.9487179,123.6987179,124.9987179,178.2987179,123.3487179,157.9487179,183.5487179,243.4487179,178.1987179,151.1487179,173.0987179,193.1987179,159.7987179,81.64871795,137.3487179,152.0987179,140.2987179,99.44871795,177.1987179,174.4987179,261.9487179,223.5987179,180.3987179,148.4987179,136.5487179,185.4487179,374.1487179,1225.548718,1225.698718,1004.698718,1446.148718,1503.598718,466.6487179,147.7987179,99.54871795,134.2487179,183.0987179,268.6487179,262.1487179,310.2987179,444.9487179,798.7987179,1961.834615,2200.884615,2329.934615,2376.384615
233.6,,2547.09359,1496.49359,542.4935897,334.6935897,294.5935897,288.7435897,316.4935897,254.4435897,300.6435897,2021.94359,3172.94359,1127.09359,274.4435897,230.3935897,467.8435897,840.8435897,460.8935897,196.7935897,198.8435897,223.2935897,152.0935897,194.1435897,269.5935897,264.7935897,186.6435897,99.14358974,228.1435897,153.6435897,199.8935897,184.7435897,269.9435897,213.8935897,224.3935897,339.4935897,201.2435897,210.5935897,205.9935897,240.0935897,197.5435897,217.3935897,242.3435897,267.0935897,244.0435897,221.4435897,242.8435897,268.2435897,289.3935897,235.5935897,238.3935897,232.4935897,238.7435897,330.0435897,996.0935897,1339.59359,1298.04359,1071.94359,1207.99359,1262.74359,1324.44359,933.9935897,238.9935897,192.5435897,234.9435897,289.2435897,346.7435897,369.4435897,517.7935897,887.4435897,2122.676923,2385.426923,2537.276923,2570.926923
240.8,,2631.748718,1173.548718,403.8487179,280.9487179,183.1487179,141.8487179,142.8987179,323.4487179,2120.148718,3197.248718,2388.498718,281.3987179,22.64871795,61.79871795,306.7487179,731.7987179,352.8987179,2.398717949,-2.101282051,5.848717949,35.44871795,55.54871795,74.34871795,164.1987179,55.34871795,23.49871795,70.54871795,8.648717949,47.49871795,47.39871795,55.79871795,147.9487179,111.5487179,179.4987179,146.3987179,72.94871795,48.14871795,32.24871795,62.54871795,87.19871795,52.89871795,78.19871795,80.74871795,75.69871795,101.2987179,78.94871795,116.9987179,126.8487179,94.89871795,112.3487179,120.5487179,152.5487179,851.8987179,1112.798718,1193.948718,834.4487179,342.3987179,364.3987179,851.5987179,1104.448718,979.3487179,787.0487179,468.1487179,215.7487179,302.5987179,282.4487179,336.6487179,660.1487179,2159.303846,2381.053846,2465.253846,2491.003846
248,,2534.897436,1180.897436,399.7974359,316.5974359,176.4974359,101.6474359,143.5974359,125.0974359,215.9974359,1893.447436,3158.447436,1094.447436,47.5974359,28.7974359,293.2474359,706.8974359,418.7974359,-4.252564103,35.2974359,26.0474359,33.3474359,-3.952564103,68.8974359,137.1474359,87.0474359,65.6474359,115.2474359,80.1974359,56.1474359,60.5974359,45.7474359,76.5474359,78.4474359,189.0974359,122.4474359,71.2974359,31.9974359,64.1974359,6.347435897,89.0474359,54.8474359,43.1474359,59.1474359,72.1474359,99.5974359,77.1974359,146.9974359,84.0474359,79.2474359,54.8974359,79.3474359,130.2974359,775.6474359,1123.547436,1191.847436,866.0474359,183.0474359,131.3474359,500.7974359,911.2974359,699.1974359,473.9974359,183.0974359,234.6474359,276.4474359,285.2974359,362.3474359,635.1474359,2439.596154,2662.846154,2683.646154,2724.046154
255.2,,2440.466667,1408.866667,493.2166667,326.2666667,232.4666667,264.0666667,253.4666667,198.8666667,235.4666667,1372.716667,3057.866667,1668.916667,342.2666667,168.1666667,418.8666667,829.5666667,402.2166667,102.6166667,212.5666667,193.8166667,151.4166667,131.6166667,111.0666667,182.9166667,212.1166667,248.4666667,282.3666667,219.0166667,165.5166667,169.9166667,171.9166667,201.0166667,186.7166667,265.1666667,207.3666667,135.0166667,166.2166667,180.4166667,191.2166667,172.2166667,180.6666667,182.3666667,177.6166667,189.0666667,194.0166667,205.6166667,302.2166667,244.2666667,187.8166667,179.5666667,188.9166667,206.8666667,737.1166667,1168.316667,1158.016667,844.3666667,210.4666667,144.6666667,154.7666667,116.7166667,132.5166667,141.0666667,191.3666667,265.3166667,317.4166667,309.0166667,428.1666667,802.3666667,2128.546154,2272.596154,2519.096154,2545.396154
262.4,,2510.075641,1176.975641,419.475641,280.925641,161.225641,150.875641,86.47564103,132.225641,133.775641,1112.425641,2985.525641,2008.725641,331.325641,72.92564103,397.425641,767.125641,341.875641,23.32564103,42.22564103,65.22564103,39.17564103,89.47564103,140.475641,88.52564103,104.425641,92.02564103,143.175641,56.57564103,114.125641,32.02564103,82.22564103,25.12564103,92.62564103,155.925641,131.475641,40.67564103,80.22564103,94.92564103,49.32564103,67.42564103,64.17564103,82.02564103,91.97564103,66.37564103,134.575641,146.325641,137.175641,149.275641,63.27564103,88.97564103,74.32564103,118.625641,539.925641,1082.025641,1035.325641,642.875641,205.875641,28.12564103,42.67564103,98.07564103,50.47564103,47.27564103,167.175641,151.325641,247.075641,275.225641,381.575641,652.925641,2330.996154,2504.046154,2511.646154,2538.396154
269.6,,2497.001282,1049.701282,353.6512821,253.8012821,166.9512821,83.30128205,40.50128205,110.4012821,130.4012821,1606.451282,3240.601282,1175.601282,63.35128205,-41.74871795,285.7512821,713.5512821,270.2512821,2.851282051,29.90128205,22.60128205,48.05128205,48.60128205,42.95128205,148.8512821,78.85128205,1.401282051,119.1512821,62.80128205,27.60128205,12.20128205,7.751282051,26.80128205,55.05128205,197.6512821,94.10128205,26.10128205,68.85128205,65.30128205,75.55128205,18.20128205,19.20128205,58.20128205,53.75128205,60.60128205,39.20128205,72.90128205,96.45128205,41.30128205,52.15128205,32.95128205,31.50128205,82.35128205,147.7512821,924.5512821,899.1512821,190.5012821,34.65128205,17.15128205,45.85128205,94.85128205,28.80128205,75.10128205,90.45128205,170.8512821,247.4512821,228.8012821,308.6512821,605.7012821,1971.569231,2287.969231,2484.119231,2522.019231
276.8,,2490.319231,1171.619231,431.4192308,277.5192308,200.2692308,186.5192308,145.4192308,152.3192308,202.6192308,1913.969231,3232.819231,1110.969231,148.5192308,93.81923077,415.8192308,813.7692308,298.5192308,65.01923077,144.1692308,133.1692308,79.26923077,158.9692308,149.2192308,139.4192308,101.2192308,91.26923077,110.4192308,117.4692308,125.0692308,113.5192308,127.8692308,151.7692308,177.1692308,179.4192308,107.6692308,105.3192308,122.8692308,91.71923077,96.46923077,53.06923077,116.0692308,163.1692308,77.96923077,147.1192308,124.0692308,180.2692308,176.5192308,200.2192308,159.5192308,107.8192308,117.9692308,184.1192308,530.5192308,1110.819231,1036.569231,563.3692308,120.1692308,123.8692308,94.56923077,74.21923077,99.26923077,75.06923077,194.1692308,221.5192308,285.8692308,249.0692308,365.5192308,714.7692308,1682.857692,1913.207692,2071.457692,2080.907692
284,,2384.867949,1074.217949,329.0679487,294.1179487,134.8679487,158.9679487,154.5179487,158.4679487,262.6679487,2320.517949,3186.217949,805.6179487,106.5179487,124.9679487,402.3679487,798.9179487,302.4179487,83.91794872,75.96794872,76.01794872,68.66794872,46.06794872,71.21794872,53.06794872,79.26794872,98.71794872,92.21794872,94.96794872,98.21794872,43.56794872,91.16794872,157.0179487,127.5179487,194.5679487,98.01794872,40.41794872,88.16794872,92.16794872,87.46794872,78.66794872,104.9679487,122.7679487,133.6679487,94.61794872,103.1179487,144.6679487,204.3679487,145.4679487,88.86794872,148.9179487,79.66794872,99.11794872,212.8179487,968.6179487,1044.017949,290.6679487,93.31794872,83.01794872,63.66794872,71.56794872,85.56794872,106.7679487,135.4179487,214.9179487,271.2679487,246.6179487,374.0679487,673.9179487,2229.746154,2351.896154,2385.496154,2356.096154
291.2,,2322.524359,1253.824359,448.974359,308.674359,217.574359,170.524359,170.224359,275.524359,1025.574359,2904.074359,2786.324359,390.524359,221.674359,155.724359,434.624359,834.024359,336.124359,117.674359,194.624359,172.974359,96.27435897,92.02435897,102.224359,95.42435897,106.274359,127.574359,155.424359,175.724359,144.174359,206.924359,163.274359,171.324359,214.874359,205.874359,202.224359,153.824359,162.174359,213.374359,180.724359,160.924359,146.824359,197.274359,169.324359,181.474359,225.224359,221.874359,221.574359,176.724359,160.624359,198.974359,159.024359,339.724359,719.724359,1086.174359,1065.424359,820.974359,181.574359,153.374359,115.424359,109.274359,115.774359,144.924359,189.374359,226.974359,274.524359,304.024359,387.574359,811.024359,2120.861538,2260.611538,2268.361538,2261.961538
298.4,,2287.52929,1078.02929,369.6292899,186.5292899,172.0792899,101.7792899,127.1292899,265.7792899,1261.92929,2740.07929,2731.27929,464.3792899,83.47928994,90.67928994,352.4292899,746.8292899,330.9792899,70.82928994,66.02928994,103.3292899,74.37928994,39.17928994,56.37928994,4.679289941,64.47928994,51.72928994,98.87928994,116.5292899,124.3792899,113.0292899,106.6292899,115.7792899,126.4292899,192.0792899,81.07928994,68.37928994,73.22928994,123.2292899,102.5792899,85.87928994,113.4292899,106.8792899,71.97928994,116.8792899,145.3292899,99.77928994,140.3292899,146.3792899,104.7792899,149.3292899,81.07928994,75.02928994,250.9792899,982.6292899,924.7792899,203.7292899,81.47928994,51.52928994,45.37928994,88.22928994,42.92928994,122.9792899,121.3292899,183.6792899,220.2292899,239.8792899,313.6292899,718.8792899,1985.057692,2180.107692,2393.607692,2441.707692
305.6,,2293.551399,1180.501399,346.6013986,229.2013986,153.5013986,141.9513986,90.7513986,124.4013986,120.9013986,562.2013986,2694.051399,2650.301399,844.6513986,152.8513986,427.8513986,773.4013986,315.7013986,43.6513986,94.9513986,31.5013986,49.8013986,89.3513986,47.7013986,54.9013986,61.9513986,60.8513986,79.6013986,46.0513986,39.7513986,108.7013986,222.8513986,241.8513986,207.6513986,212.3013986,121.6513986,67.1013986,95.8013986,157.7013986,81.8513986,93.6013986,111.8513986,137.4013986,116.7513986,96.3513986,104.8513986,130.1013986,178.0013986,142.8513986,89.0513986,128.1013986,89.3013986,160.9513986,645.9013986,1080.701399,970.1013986,697.9513986,188.7513986,81.5013986,99.5013986,75.0513986,68.9013986,92.7513986,141.1513986,180.4513986,162.7513986,227.8013986,302.2513986,684.3013986,1980.792308,2169.442308,2429.692308,2479.292308
312.8,,2265.222222,1066.522222,344.5722222,232.8722222,186.8722222,141.0722222,104.4722222,120.1222222,88.12222222,257.5722222,2622.222222,3084.422222,895.7222222,92.57222222,346.8222222,713.3722222,309.2222222,63.32222222,77.47222222,97.97222222,39.92222222,79.07222222,46.42222222,60.67222222,53.27222222,49.32222222,91.47222222,62.57222222,40.67222222,57.42222222,69.72222222,64.52222222,124.5222222,190.0722222,81.12222222,55.97222222,62.57222222,90.17222222,106.7722222,68.62222222,93.12222222,92.02222222,70.67222222,78.17222222,168.8222222,133.0222222,151.9222222,131.4722222,118.8222222,100.7222222,51.37222222,60.77222222,307.9222222,951.9722222,893.3222222,313.0222222,105.8722222,35.77222222,52.82222222,39.07222222,65.57222222,86.42222222,128.0722222,200.5722222,236.2222222,247.4722222,311.9222222,677.9222222,2006.353846,2192.453846,2193.653846,2172.503846
